{
  "queries": [
    [
      0.5,
      0.5,
      0.5,
      0.5
    ],
    [
      0.5,
      0.5,
      0.5,
      0.5
    ],
    [
      0.5,
      0.5,
      0.5,
      0.5
    ],
    [
      0.5,
      0.5,
      0.5,
      0.5
    ],
    [
      0.5,
      0.5,
      0.5,
      0.5
    ],
    [
      0.5,
      0.5,
      0.5,
      0.5
    ],
    [
      0.5,
      0.5,
      0.5,
      0.5
    ],
    [
      0.5,
      0.5,
      0.5,
      0.5
    ],
    [
      0.5,
      0.5,
      0.5,
      0.5
    ],
    [
      0.5,
      0.5,
      0.5,
      0.5
    ]
  ],
  "baselines": [
    [
      -0.0027331287958941275,
      0.04317810954499948,
      0.053471334856370865,
      0.1497197375978384
    ],
    [
      -0.001443620562414994,
      0.039173139010458415,
      0.11917082814801527,
      0.11122610627148093
    ],
    [
      -0.01161872961291093,
      -0.00896270275873712,
      0.16424766980630706,
      0.09197869509153198
    ],
    [
      -0.0010303052210681206,
      -0.00866605329439001,
      0.1813348739239485,
      0.07253394956957943
    ],
    [
      -0.0012639099039552296,
      -0.008372038658196872,
      0.18645752611939842,
      0.05800900812603508
    ],
    [
      -0.01986441342037172,
      -0.13086899469370614,
      0.1189677328679653,
      0.030282695639118444
    ],
    [
      -0.0034218310687692236,
      -0.14466601422877653,
      0.13289994129886526,
      0.028624602741294056
    ],
    [
      0.0023101793112840457,
      -0.13246081694942716,
      0.14193789687931135,
      0.026495074084138127
    ],
    [
      0.011412960065833214,
      -0.13189689007581032,
      0.14147107470981501,
      0.02330111818749895
    ],
    [
      -0.011494050166959978,
      -0.12961420590691644,
      0.14047773010919856,
      0.020701981279250315
    ]
  ],
  "update_count": 1,
  "n_buckets": 10,
  "feat_dim": 4
}