{
  "queries": [
    [
      0.5003644101408553,
      0.49700006811360764,
      0.5050298824413888,
      0.5346586053692576
    ],
    [
      0.5063908718954279,
      0.5047878649374373,
      0.5117281660383501,
      0.5276929369083211
    ],
    [
      0.5099918003550967,
      0.5211627648949663,
      0.5107884470052381,
      0.5163939462427053
    ],
    [
      0.5064231726320474,
      0.5218280460206822,
      0.5136269190804533,
      0.5148066053401207
    ],
    [
      0.5069179089049869,
      0.5280402699925009,
      0.5129483799019834,
      0.5110440759067912
    ],
    [
      0.5050234051859387,
      0.5361401303833975,
      0.5138870370023305,
      0.509098765726185
    ],
    [
      0.5048300483186463,
      0.5318926887301143,
      0.5173226456211429,
      0.5092467196723897
    ],
    [
      0.5025364807772663,
      0.5280054541595904,
      0.5211716875034781,
      0.5096016051332665
    ],
    [
      0.5033791251415461,
      0.5114655757353112,
      0.5273876153726739,
      0.5112069773951259
    ],
    [
      0.5015350108172052,
      0.5184909527783056,
      0.5242559785048679,
      0.5092507032270412
    ]
  ],
  "baselines": [
    [
      0.0010589140008542323,
      0.012336048876076668,
      0.10154167240970571,
      0.4820189984538506
    ],
    [
      0.05435579614920727,
      0.07955918352411014,
      0.23352920257055973,
      0.3822107930735844
    ],
    [
      0.07932279830162833,
      0.19642693515464113,
      0.26701931686910696,
      0.24961502248468193
    ],
    [
      0.05614776578898416,
      0.20179381736607854,
      0.31077116448818787,
      0.21470867973227797
    ],
    [
      0.06345096726848384,
      0.26213675615250026,
      0.30856126815449836,
      0.16340232095466556
    ],
    [
      0.02736623324607885,
      0.2176441218707431,
      0.25088003524796876,
      0.11749158384326652
    ],
    [
      0.04262272856229968,
      0.16377277736064583,
      0.2976534197845121,
      0.11704909235846117
    ],
    [
      0.026283783217202615,
      0.13382840767847598,
      0.34590271419004814,
      0.11941960401137505
    ],
    [
      0.04730238991212427,
      -0.021333344150084706,
      0.40468593894988636,
      0.13130998121384546
    ],
    [
      0.002089276446069674,
      0.04619890264531648,
      0.372815156694571,
      0.10988744484651923
    ]
  ],
  "update_count": 3,
  "n_buckets": 10,
  "feat_dim": 4
}