{
  "queries": [
    [
      0.4999729407765177,
      0.493343942521266,
      0.514843984106331,
      0.6007027469803681
    ],
    [
      0.5039757334539527,
      0.5090409669185527,
      0.5370873452458973,
      0.5851562237335401
    ],
    [
      0.5066485265644575,
      0.5432020423135682,
      0.5394965232323616,
      0.5582272256224707
    ],
    [
      0.5002293881861613,
      0.5456361301282985,
      0.5467812808802763,
      0.5493017909859513
    ],
    [
      0.4987264218588082,
      0.5497034357841737,
      0.5487588431669935,
      0.5402050474453193
    ],
    [
      0.4888489072236222,
      0.5880502121452671,
      0.5409179165892269,
      0.5267025392173978
    ],
    [
      0.48012812215454903,
      0.5867509765474672,
      0.5435352918431463,
      0.5228678096131224
    ],
    [
      0.4922721844379109,
      0.5592123060092545,
      0.5649558638720431,
      0.5287473576314748
    ],
    [
      0.4984409544214255,
      0.5482295600551652,
      0.5659973569569824,
      0.5259533957460086
    ],
    [
      0.5024384644702691,
      0.5361520535662762,
      0.5666159806718782,
      0.5249607454832672
    ]
  ],
  "baselines": [
    [
      0.004954145943213002,
      -0.03618784194192193,
      0.25785938802382713,
      1.667643923091678
    ],
    [
      0.059341337241942044,
      0.14137673642723267,
      0.6741780256255062,
      1.4971465442478877
    ],
    [
      0.14144275060734898,
      0.6145283947813744,
      0.7667259523106407,
      1.05914666998999
    ],
    [
      0.05437812985807583,
      0.6883340586312044,
      0.8921515649757612,
      0.8896854766460295
    ],
    [
      0.06705920888005586,
      0.8908782446243952,
      0.874829684100536,
      0.678122008326999
    ],
    [
      -0.07150433177285069,
      1.3189777807126148,
      0.7650527775032487,
      0.48293269725825055
    ],
    [
      -0.12228705333395991,
      1.2399912252606007,
      0.8740231514847872,
      0.45534442320002233
    ],
    [
      -0.07506838904489671,
      1.0021262079128108,
      1.0879525063794142,
      0.4813368262257831
    ],
    [
      0.18314000122192803,
      0.6259768839603302,
      1.1463796305195746,
      0.4571261215717002
    ],
    [
      0.068599324221743,
      0.6163045557287579,
      1.1920286682684234,
      0.44284230587359563
    ]
  ],
  "update_count": 22,
  "n_buckets": 10,
  "feat_dim": 4
}