{
  "queries": [
    [
      0.4999105495311793,
      0.4937972704135449,
      0.5139010074053856,
      0.5941736094524986
    ],
    [
      0.5066903891950163,
      0.5088971365296022,
      0.5342510835506159,
      0.5785707260333033
    ],
    [
      0.5114932985238306,
      0.5422084114040457,
      0.5361199718491464,
      0.5527017546730661
    ],
    [
      0.5057186404392876,
      0.5508933794281975,
      0.5403965579642421,
      0.5421808391427235
    ],
    [
      0.5041165445884702,
      0.5547539960306646,
      0.5451463479175944,
      0.5369452254878968
    ],
    [
      0.49607694426619553,
      0.5854713446648473,
      0.5408365254539981,
      0.5268941200099893
    ],
    [
      0.4869289224238043,
      0.5863758115523192,
      0.5416683397511014,
      0.5223293814780886
    ],
    [
      0.49553658612989043,
      0.5595720525167751,
      0.561741049375973,
      0.527540661504802
    ],
    [
      0.5002297272822785,
      0.5422220654161606,
      0.5671128789999194,
      0.5266483294476993
    ],
    [
      0.5030824785618867,
      0.539721546854809,
      0.562237515850597,
      0.5231921284446938
    ]
  ],
  "baselines": [
    [
      -0.01725054066154709,
      -0.07706478736467015,
      0.24714656716913408,
      1.6008224154654636
    ],
    [
      0.028715681330151156,
      0.09992922051338476,
      0.6551072324259407,
      1.4537739770983182
    ],
    [
      0.1361418906179818,
      0.5012619760174712,
      0.7700434919645436,
      1.052822982125535
    ],
    [
      0.04249170184890101,
      0.6485669652112727,
      0.861522468509066,
      0.8494819820747999
    ],
    [
      0.08050510749967116,
      0.8626954945964733,
      0.8643015566486167,
      0.6630665187813803
    ],
    [
      -0.05320317933985177,
      1.2253465038722045,
      0.7849138912933146,
      0.4985034520434763
    ],
    [
      -0.09337834827694941,
      1.1930710637427047,
      0.8535696172538777,
      0.4519312919793508
    ],
    [
      -0.04836289302285877,
      0.9504549733149632,
      1.0678628558176921,
      0.4773365183462051
    ],
    [
      0.2006696969120911,
      0.5592175026396523,
      1.147845789063545,
      0.46018180289561733
    ],
    [
      0.03631352446138578,
      0.6388336015840562,
      1.1270501433490014,
      0.41560868325451605
    ]
  ],
  "update_count": 18,
  "n_buckets": 10,
  "feat_dim": 4
}