{
  "queries": [
    [
      0.5001670181555191,
      0.4926773144349166,
      0.5149429150108173,
      0.6037961180408996
    ],
    [
      0.5019554477160169,
      0.5105927714530457,
      0.5375888905594585,
      0.588716660837548
    ],
    [
      0.5038229980832436,
      0.5392542424828587,
      0.5427081745770038,
      0.56428152245323
    ],
    [
      0.4954596370022246,
      0.5364084543758846,
      0.5526831226377865,
      0.5567150176357502
    ],
    [
      0.4957226730887047,
      0.539102994443786,
      0.5546058392235624,
      0.5454939428060049
    ],
    [
      0.4816873955454305,
      0.5880442007107212,
      0.5421917518416719,
      0.5275849836647386
    ],
    [
      0.4724957888655552,
      0.5821155340457511,
      0.5460247543157543,
      0.5245132259596951
    ],
    [
      0.48700054091193035,
      0.5538107378142574,
      0.5683154212645748,
      0.5307903951668815
    ],
    [
      0.495311674700715,
      0.5501131178007818,
      0.564229420692638,
      0.5254575462669109
    ],
    [
      0.5019578832301816,
      0.5307552328831316,
      0.5702193252815247,
      0.5267169550207814
    ]
  ],
  "baselines": [
    [
      0.005348569818696896,
      -0.04060040005923092,
      0.258372018047366,
      1.6931973566595682
    ],
    [
      0.040142592018325415,
      0.15192254787602336,
      0.6797633291549029,
      1.531112599606582
    ],
    [
      0.11405704438244955,
      0.570755426484273,
      0.7996622044210947,
      1.1183411732234112
    ],
    [
      0.010434587898450799,
      0.6027397756623631,
      0.9472733802314288,
      0.9569950348777403
    ],
    [
      0.03264950186386212,
      0.7936899572513009,
      0.9296008759808293,
      0.7265969569413651
    ],
    [
      -0.15030374197728788,
      1.3196961041786606,
      0.7748983528678395,
      0.4887719811957746
    ],
    [
      -0.19989601115490402,
      1.1944242526786975,
      0.8924015379731385,
      0.4671899377009839
    ],
    [
      -0.12646039565942124,
      0.9468399187820757,
      1.1158732786629366,
      0.49840557470122737
    ],
    [
      0.14420470500610535,
      0.6388931746457163,
      1.126380715186949,
      0.4502751641944372
    ],
    [
      0.06473752269883315,
      0.5615139509944252,
      1.2244841837386178,
      0.4577409734733809
    ]
  ],
  "update_count": 24,
  "n_buckets": 10,
  "feat_dim": 4
}