{
  "queries": [
    [
      0.5,
      0.5,
      0.5,
      0.5
    ],
    [
      0.5,
      0.5,
      0.5,
      0.5
    ],
    [
      0.5,
      0.5,
      0.5,
      0.5
    ],
    [
      0.5,
      0.5,
      0.5,
      0.5
    ],
    [
      0.5,
      0.5,
      0.5,
      0.5
    ],
    [
      0.5,
      0.5,
      0.5,
      0.5
    ],
    [
      0.5,
      0.5,
      0.5,
      0.5
    ],
    [
      0.5,
      0.5,
      0.5,
      0.5
    ],
    [
      0.5,
      0.5,
      0.5,
      0.5
    ],
    [
      0.5,
      0.5,
      0.5,
      0.5
    ]
  ],
  "baselines": [
    [
      0.0,
      0.0,
      0.05850248333741537,
      0.19122612435491407
    ],
    [
      0.008268171532310237,
      0.04178867362219834,
      0.1148265245329206,
      0.12421878145402543
    ],
    [
      0.009106915602520957,
      0.042930754698952696,
      0.14124900815667782,
      0.0918191945485519
    ],
    [
      0.005472995977661102,
      0.07859482047409182,
      0.12705333481961226,
      0.0580728504295715
    ],
    [
      0.04057616594988249,
      0.17925945366440318,
      0.06931716387043536,
      0.025213317128909535
    ],
    [
      0.04451892284157643,
      0.1797703380179437,
      0.060665099006807194,
      0.018388242058871185
    ],
    [
      0.028260097169334586,
      0.18971647116817383,
      0.0486908927893769,
      0.01251561704740296
    ],
    [
      0.010745751686211,
      0.19518727903063254,
      0.03796629919366618,
      0.00839716032954408
    ],
    [
      0.005716160992228697,
      0.19464044552121398,
      0.03700946643246109,
      0.007225726849283349
    ],
    [
      0.01051258930331293,
      0.19387155524788774,
      0.0405316576919586,
      0.007128506819323829
    ]
  ],
  "update_count": 1,
  "n_buckets": 10,
  "feat_dim": 4
}